<xml 
  xmlns="http://www.w3.org/1999/xhtml">
  <block type="onfirstboot" id="onfirstboot" x="32" y="20">
    <next>
      <block type="sethostname" id="O/gSH[HgvN^H74Y/EB=e">
        <field name="1">baculusA</field>
        <next>
          <block type="changepass" id="*BY2~YAv86?1VetRytp6">
            <field name="1">baculus</field>
            <next>
              <block type="bootbehaviour" id="#}Z.i{|.L}I0I5Qrc1`2">
                <field name="1">Console</field>
                <next>
                  <block type="wifisetup" id="4GxCnkTEq0Zad3QWlw:Z">
                    <field name="1">NYCR24</field>
                    <field name="2">clubmate</field>
                    <field name="3">WPA/WPA2</field>
                    <field name="4">US</field>
                    <field name="5">No</field>
                    <next>
                      <block type="runcommand" id="j1W_AYRBFFBtD.VE7Y.T">
                        <field name="1">ip route del default dev eth0</field>
                        <field name="2">root</field>
                        <next>
                          <block type="runcommand" id="^qXTrr}I]2X#5-LR!5r!">
                            <field name="1">sysctl -w net.ipv6.conf.wlan0.disable_ipv6=1</field>
                            <field name="2">root</field>
                            <next>
                              <block type="waitfornetwork" id="sqyl1mCCygxZ#g4HC31!">
                                <field name="1">8.8.8.8</field>
                                <next>
                                  <block type="downloadfile" id="+cAD/6~9ZZl5Omv)K^D7">
                                    <field name="1">https://deb.nodesource.com/setup_8.x</field>
                                    <field name="2">/home/pi/node-setup_8.x</field>
                                    <next>
                                      <block type="runcommand" id="(r-!_6P5pWruu,p:n3X{">
                                        <field name="1">bash /home/pi/node-setup_8.x</field>
                                        <field name="2">root</field>
                                        <next>
                                          <block type="downloadfile" id=")QV);B/%kysCsI~-7sjP">
                                            <field name="1">https://baculus.co/de/update.bash</field>
                                            <field name="2">/home/pi/update.bash</field>
                                            <next>
                                              <block type="runcommand" id="0G,}1C-h54h^cXfH]=Q=">
                                                <field name="1">bash /home/pi/update.bash</field>
                                                <field name="2">pi</field>
                                                <next>
                                                  <block type="reboot" id="qe(r|_Kph*ruPA0i@`h-"></block>
                                                </next>
                                              </block>
                                            </next>
                                          </block>
                                        </next>
                                      </block>
                                    </next>
                                  </block>
                                </next>
                              </block>
                            </next>
                          </block>
                        </next>
                      </block>
                    </next>
                  </block>
                </next>
              </block>
            </next>
          </block>
        </next>
      </block>
    </next>
  </block>
  <firstboot 
    xmlns="">0
  </firstboot>
</xml>