{
  "options": {
    "paths": {
      "root": "/home/pi/npm/lib/node_modules/tileserver-gl-light/node_modules/tileserver-gl-styles",
      "fonts": "fonts",
      "styles": "/home/pi/map/styles",
      "mbtiles": "/home/pi/map/tiles"
    }
  },
  "styles": {
    "baculus": {
      "style": "baculus/style.json",
      "tilejson": {
        "bounds": [
          -31.6575302,
          29.7288021,
          -6.0891591,
          42.2543112
        ]
      }
    }
  },
  "data": {
    "world": {
      "mbtiles": "world.mbtiles"
    }
  }
}
